{"cameraMode":{"drawMode":0,"name":"Shaded","section":"Shading Mode"},"sceneLighting":true,"audioPlay":false,"sceneViewState":{"m_AlwaysRefresh":false,"showFog":true,"showSkybox":true,"showFlares":true,"showImageEffects":true,"showParticleSystems":true,"showVisualEffectGraphs":true,"m_FxEnabled":true},"in2DMode":false,"pivot":{"x":-2.2686471939086916,"y":0.10340023040771485,"z":18.958953857421876},"rotation":{"x":-0.17347057163715363,"y":0.7032068967819214,"z":-0.18354107439517976,"w":-0.6646252870559692},"size":10.771093368530274,"orthographic":false}